{
  "visual": {
    "name": "hierarchySlicer",
    "displayName": "HierarchySlicer",
    "guid": "PBI_CV_B232C01E_3021_4106_B09E_42929DAC879C",
    "visualClassName": "HierarchySlicer",
    "version": "1.0.0",
    "description": "",
    "supportUrl": "",
    "gitHubUrl": ""
  },
  "apiVersion": "1.7.0",
  "author": {
    "name": "",
    "email": ""
  },
  "assets": {
    "icon": "assets/icon.png"
  },
  "externalJS": [
    "node_modules/jquery/dist/jquery.min.js",
    "node_modules/d3/d3.min.js",
    "node_modules/lodash/lodash.js",
    "node_modules/globalize/lib/globalize.js",
    "node_modules/globalize/lib/cultures/globalize.culture.en-US.js",
    "node_modules/powerbi-visuals-utils-dataviewutils/lib/index.js",
    "node_modules/powerbi-visuals-utils-typeutils/lib/index.js",
    "node_modules/powerbi-visuals-utils-svgutils/lib/index.js",
    "node_modules/powerbi-visuals-utils-formattingutils/lib/index.js",
    "node_modules/powerbi-visuals-utils-interactivityutils/lib/index.js",
    "node_modules/powerbi-visuals-utils-sqexprutils/lib/index.js"
  ],
  "style": "style/visual.less",
  "capabilities": "capabilities.json"
}
